country,artist,total_streams,chart_appearances,avg_position,rank
ad,Maluma,103079.0,72,15.68,1
ad,Bad Bunny,101475.0,62,21.44,2
ad,Justin Bieber,93783.0,117,6.67,3
ad,Camilo,84600.0,69,24.29,4
ad,Ed Sheeran,73377.0,41,4.88,5
ae,The Weeknd,21364094.0,1538,85.12,1
ae,Ed Sheeran,12207080.0,1146,105.06,2
ae,Justin Bieber,12004345.0,1047,78.32,3
ae,Dua Lipa,10191932.0,864,75.07,4
ae,Olivia Rodrigo,9891226.0,445,65.89,5
ar,Bad Bunny,1146405995.0,3994,81.9,1
ar,Ozuna,725780288.0,3397,78.68,2
ar,J Balvin,718957345.0,3313,73.67,3
ar,Duki,694094836.0,2454,84.07,4
ar,Maria Becerra,670355414.0,1446,71.12,5
at,RAF Camora,96893010.0,3115,95.84,1
at,Capital Bra,82496080.0,2053,89.5,2
at,Bonez MC,66792756.0,2449,97.52,3
at,Ed Sheeran,58822132.0,1503,83.27,4
at,Apache 207,51819900.0,722,83.42,5
au,Ed Sheeran,790126643.0,2960,100.51,1
au,Post Malone,624640864.0,1774,80.56,2
au,Drake,573575281.0,2485,98.23,3
au,The Weeknd,518022293.0,1892,87.91,4
au,Justin Bieber,492210523.0,1797,74.35,5
be,Ed Sheeran,128513593.0,2206,92.78,1
be,The Weeknd,94236907.0,1339,80.22,2
be,Dua Lipa,86529868.0,1260,78.45,3
be,Billie Eilish,82858552.0,1027,94.36,4
be,Justin Bieber,74325408.0,1339,73.82,5
bg,The Weeknd,18925414.0,3281,90.26,1
bg,Travis Scott,10490608.0,1943,91.04,2
bg,Drake,9763040.0,2255,84.44,3
bg,Ariana Grande,8714102.0,1504,82.31,4
bg,Galena,8646738.0,1020,80.83,5
bo,Bad Bunny,151153504.0,5969,83.17,1
bo,J Balvin,58984437.0,4282,76.34,2
bo,Maluma,58673213.0,3450,85.49,3
bo,KAROL G,45190615.0,1725,83.85,4
bo,Rauw Alejandro,44585652.0,2036,85.55,5
br,Marília Mendonça,3455696417.0,3606,84.97,1
br,Henrique & Juliano,2698494662.0,3146,96.89,2
br,Jorge & Mateus,2501812905.0,2903,86.84,3
br,Gusttavo Lima,2378899542.0,1898,87.14,4
br,Zé Neto & Cristiano,2248585935.0,1881,85.91,5
by,INSTASAMKA,3271725.0,45,9.96,1
by,LOVV66,2018306.0,61,44.31,2
by,Max Korzh,1890261.0,123,125.82,3
by,ANNA ASTI,1260018.0,83,94.99,4
by,ПОЛМАТЕРИ,1239572.0,63,110.44,5
ca,Drake,1108868675.0,4670,90.68,1
ca,The Weeknd,663205306.0,2543,87.65,2
ca,Post Malone,658176084.0,2112,85.2,3
ca,Ed Sheeran,485996487.0,1923,97.79,4
ca,Justin Bieber,450323889.0,1735,70.02,5
ch,Ed Sheeran,111400593.0,2204,92.39,1
ch,The Weeknd,75953990.0,1463,82.54,2
ch,Drake,66525290.0,1604,90.14,3
ch,Capital Bra,66190544.0,1315,90.14,4
ch,Imagine Dragons,56051655.0,1309,97.77,5
cl,Bad Bunny,2165565614.0,7372,83.54,1
cl,Ozuna,773098715.0,4485,86.23,2
cl,J Balvin,738170229.0,4049,75.7,3
cl,Anuel AA,653171939.0,3258,84.29,4
cl,Rauw Alejandro,571038296.0,2473,89.54,5
co,Bad Bunny,846107733.0,6344,84.07,1
co,Feid,566233847.0,2485,75.32,2
co,J Balvin,432059005.0,5295,77.18,3
co,KAROL G,276596047.0,1737,74.46,4
co,Maluma,273817527.0,3230,88.41,5
cr,Bad Bunny,275355111.0,6548,79.63,1
cr,J Balvin,107245694.0,4120,76.77,2
cr,Ozuna,92486507.0,3654,79.48,3
cr,Christian Nodal,86141730.0,2123,86.09,4
cr,Maluma,67707918.0,2271,87.2,5
cy,The Weeknd,5151161.0,1435,76.92,1
cy,Drake,3690755.0,1690,76.5,2
cy,SNIK,3352186.0,1135,86.2,3
cy,Light,3319188.0,1134,84.82,4
cy,Billie Eilish,3246041.0,1083,95.59,5
cz,Viktor Sheen,144309168.0,2633,74.19,1
cz,Calin,91957375.0,1629,65.21,2
cz,Nik Tendo,71962586.0,2626,87.5,3
cz,Imagine Dragons,66095213.0,2324,87.16,4
cz,Yzomandias,63565363.0,2113,93.84,5
de,Apache 207,1281064042.0,1121,85.91,1
de,Capital Bra,1280709585.0,2118,91.26,2
de,Bonez MC,987874141.0,2759,101.37,3
de,RAF Camora,987206666.0,2633,100.33,4
de,Luciano,930023412.0,1299,90.12,5
dk,Gilli,395819570.0,4077,84.85,1
dk,Ed Sheeran,277114031.0,2415,98.54,2
dk,Justin Bieber,221537911.0,1815,81.39,3
dk,KESI,186428387.0,2015,79.79,4
dk,The Weeknd,174347195.0,1491,88.45,5
do,Bad Bunny,240976272.0,10194,81.31,1
do,Ozuna,74539546.0,5923,86.66,2
do,Anuel AA,59337194.0,4461,86.83,3
do,J Balvin,49855561.0,4135,80.31,4
do,Rauw Alejandro,43375278.0,2423,86.74,5
ec,Bad Bunny,451913216.0,7008,79.29,1
ec,J Balvin,148136394.0,4480,73.92,2
ec,Maluma,122584051.0,3441,84.29,3
ec,KAROL G,99883172.0,1724,79.11,4
ec,Rauw Alejandro,97200778.0,1952,83.36,5
ee,nublu,18624864.0,2356,71.09,1
ee,5MIINUST,11683406.0,1762,88.13,2
ee,The Weeknd,11455184.0,1852,90.64,3
ee,Ed Sheeran,10953251.0,1952,91.24,4
ee,Billie Eilish,9732018.0,1221,95.88,5
eg,Wegz,81718266.0,3195,75.98,1
eg,Marwan Pablo,40309089.0,1830,69.8,2
eg,Marwan Moussa,32912745.0,1449,80.82,3
eg,Afroto,19927887.0,750,78.76,4
eg,Essam Sasa,17256354.0,686,107.16,5
es,Bad Bunny,1965038093.0,4349,91.06,1
es,J Balvin,1082875080.0,3556,81.34,2
es,Ozuna,1004357280.0,3195,84.24,3
es,Rauw Alejandro,940940830.0,1923,79.85,4
es,Anuel AA,810867702.0,2306,79.64,5
fi,JVG,231879954.0,2609,95.29,1
fi,Haloo Helsinki!,116720077.0,1372,98.71,2
fi,Cheek,109006647.0,1583,98.95,3
fi,Mikael Gabriel,107041134.0,1340,99.14,4
fi,Ed Sheeran,106203335.0,1184,87.32,5
fr,Ninho,1929767637.0,4388,90.02,1
fr,Jul,1051372416.0,3604,100.84,2
fr,Damso,968099604.0,2438,94.5,3
fr,Niska,746331152.0,2047,89.1,4
fr,PNL,710763530.0,1864,110.79,5
gb,Ed Sheeran,1810248585.0,3174,91.4,1
gb,Drake,1420618636.0,2839,94.64,2
gb,Ariana Grande,874800343.0,1371,83.98,3
gb,The Weeknd,830087030.0,1522,89.21,4
gb,Justin Bieber,828363589.0,1445,74.79,5
gr,Light,141604624.0,3049,82.49,1
gr,SNIK,105425196.0,2159,76.73,2
gr,Mad Clip,89074421.0,2685,86.39,3
gr,TOQUEL,67309970.0,1532,78.66,4
gr,Trannos,57950097.0,681,74.9,5
gt,Bad Bunny,402950124.0,7684,78.02,1
gt,J Balvin,110178083.0,4456,74.71,2
gt,Christian Nodal,105154207.0,2079,95.13,3
gt,Rauw Alejandro,78218841.0,1856,82.74,4
gt,Maluma,72914260.0,2851,87.56,5
hk,Terence Lam,70271244.0,1078,59.42,1
hk,Dear Jane,69221166.0,1932,92.91,2
hk,Keung To,61676738.0,608,59.73,3
hk,Ed Sheeran,61532541.0,2234,88.15,4
hk,Hins Cheung,55919684.0,1585,89.92,5
hn,Bad Bunny,198284216.0,9721,74.32,1
hn,J Balvin,45535677.0,4449,74.95,2
hn,Ozuna,29554781.0,3903,85.7,3
hn,Rauw Alejandro,28076211.0,2018,86.4,4
hn,Christian Nodal,25996018.0,1703,104.38,5
hu,Azahriah,47158015.0,756,51.36,1
hu,Manuel,43906959.0,981,69.4,2
hu,Dua Lipa,34477952.0,1414,83.66,3
hu,Ed Sheeran,34281770.0,1652,84.55,4
hu,The Weeknd,31705427.0,1312,85.61,5
id,Tulus,718324023.0,1978,114.59,1
id,Pamungkas,591750532.0,1014,79.58,2
id,BTS,430832326.0,1290,97.58,3
id,Justin Bieber,394133040.0,1364,80.05,4
id,Fiersa Besari,385924586.0,930,79.15,5
ie,Ed Sheeran,176853269.0,3288,93.58,1
ie,Dermot Kennedy,111211455.0,1186,79.59,2
ie,Drake,100557133.0,1956,91.99,3
ie,Lewis Capaldi,99607665.0,953,83.23,4
ie,Ariana Grande,96928346.0,1414,81.36,5
il,Eden Hason,100681906.0,2187,73.35,1
il,Omer Adam,74704725.0,2054,81.49,2
il,Hanan Ben Ari,49201209.0,1080,79.36,3
il,Ishay Ribo,38043621.0,1185,81.35,4
il,Tuna,37893007.0,1394,116.87,5
in,Arijit Singh,1135020253.0,4258,98.89,1
in,Pritam,529545606.0,2060,102.59,2
in,Anirudh Ravichander,402929104.0,699,89.72,3
in,BTS,360949128.0,804,93.13,4
in,AP Dhillon,325262525.0,649,69.94,5
is,Hafdís Huld,26881216.0,2509,76.52,1
is,Aron Can,19239238.0,1906,80.81,2
is,Herra Hnetusmjör,17960865.0,1903,80.65,3
is,The Weeknd,14711004.0,1767,84.66,4
is,Ed Sheeran,14252580.0,1819,96.51,5
it,Sfera Ebbasta,1246093889.0,3129,83.18,1
it,thasup,707982453.0,1551,79.98,2
it,BLANCO,706815323.0,853,66.68,3
it,Capo Plaza,690873418.0,2065,98.31,4
it,Ultimo,639924635.0,1241,104.38,5
jp,Official HIGE DANdism,1032146846.0,2119,73.19,1
jp,YOASOBI,868986554.0,1210,58.18,2
jp,BTS,703024924.0,2148,102.45,3
jp,Aimyon,604070678.0,2048,77.12,4
jp,King Gnu,509242662.0,1306,83.18,5
kr,BTS,40269103.0,1740,93.37,1
kr,NewJeans,21293335.0,90,6.96,2
kr,Lim Young Woong,18012637.0,454,65.56,3
kr,IU,15727487.0,824,95.28,4
kr,Justin Bieber,13607570.0,839,91.16,5
kz,Bakr,15722393.0,397,44.36,1
kz,V $ X V PRiNCE,6553646.0,252,63.25,2
kz,INSTASAMKA,4557461.0,43,13.21,3
kz,Irina Kairatovna,4344900.0,282,77.7,4
kz,Xcho,3156953.0,119,82.65,5
lt,The Weeknd,16333711.0,1887,87.45,1
lt,Måneskin,13758424.0,604,70.94,2
lt,Billie Eilish,13047303.0,1286,90.87,3
lt,Dua Lipa,11031446.0,1303,81.56,4
lt,Ed Sheeran,10309436.0,1492,84.84,5
lu,Ed Sheeran,6970787.0,1723,83.57,1
lu,The Weeknd,5851749.0,1413,74.74,2
lu,Drake,5528541.0,1710,82.1,3
lu,Dua Lipa,4398285.0,1104,74.33,4
lu,Justin Bieber,4126740.0,1254,67.75,5
lv,The Weeknd,12630619.0,1745,88.06,1
lv,Billie Eilish,10960552.0,1176,87.93,2
lv,Post Malone,9620912.0,1428,82.9,3
lv,Ed Sheeran,9278903.0,1496,83.56,4
lv,Drake,8429338.0,1576,86.04,5
ma,ElGrandeToto,74817890.0,3089,85.67,1
ma,Inkonnu,36275947.0,1295,79.28,2
ma,Draganov,27564438.0,1096,82.26,3
ma,Tagne,25068679.0,1343,70.69,4
ma,kouz1,23085457.0,934,83.44,5
mt,Ed Sheeran,5303558.0,1557,92.65,1
mt,Post Malone,4373404.0,1059,78.02,2
mt,Drake,4305012.0,1178,83.38,3
mt,The Weeknd,3867202.0,1003,81.85,4
mt,Ariana Grande,3413009.0,854,79.28,5
mx,Bad Bunny,5750989609.0,5609,78.85,1
mx,J Balvin,2153887856.0,3844,75.1,2
mx,Maluma,1867541069.0,2647,80.99,3
mx,Christian Nodal,1798270309.0,1854,82.47,4
mx,Ozuna,1253234733.0,2658,81.49,5
my,BTS,150824868.0,1892,96.51,1
my,Ed Sheeran,140202206.0,2458,92.47,2
my,Justin Bieber,136019687.0,2114,79.62,3
my,BLACKPINK,122293564.0,1351,99.65,4
my,Ariana Grande,113452867.0,1802,84.97,5
ng,Asake,52443549.0,576,52.46,1
ng,Omah Lay,23214934.0,437,80.08,2
ng,BNXN fka Buju,19580264.0,695,93.84,3
ng,Davido,18861720.0,306,69.73,4
ng,Zinoleesky,18208906.0,424,88.03,5
ni,Bad Bunny,99080630.0,9624,76.76,1
ni,J Balvin,21512598.0,4339,75.35,2
ni,Christian Nodal,14719397.0,1590,99.81,3
ni,Rauw Alejandro,13468014.0,1761,80.97,4
ni,KAROL G,12798784.0,1445,82.63,5
nl,Ed Sheeran,518720984.0,1922,93.74,1
nl,Lil Kleine,471873617.0,2170,93.01,2
nl,Boef,445487324.0,1801,87.85,3
nl,Frenna,432883452.0,2200,93.94,4
nl,Justin Bieber,392343369.0,1428,75.21,5
no,Ed Sheeran,272974137.0,1726,96.09,1
no,Justin Bieber,212386745.0,1343,74.81,2
no,TIX,208501681.0,1516,100.37,3
no,The Weeknd,207049707.0,1416,89.82,4
no,Alan Walker,194681032.0,1453,87.84,5
nz,SIX60,209523701.0,3062,97.23,1
nz,Ed Sheeran,180687684.0,3096,95.47,2
nz,Post Malone,123163835.0,1742,84.61,3
nz,Drake,112677744.0,2231,93.92,4
nz,Justin Bieber,111428167.0,1847,73.45,5
pa,Bad Bunny,159548248.0,7709,83.35,1
pa,Sech,64303571.0,4246,86.31,2
pa,Ozuna,54729191.0,4534,86.91,3
pa,J Balvin,50887874.0,4179,78.0,4
pa,Anuel AA,41281701.0,3459,89.23,5
pe,Bad Bunny,896188148.0,6483,83.06,1
pe,J Balvin,377919154.0,4349,74.28,2
pe,Maluma,362710874.0,3466,85.76,3
pe,Ozuna,307450334.0,4076,81.29,4
pe,KAROL G,295104525.0,1934,82.82,5
ph,Ben&Ben,963701007.0,1941,69.85,1
ph,Taylor Swift,774997753.0,1686,97.85,2
ph,Ed Sheeran,595728822.0,2444,101.76,3
ph,Justin Bieber,567287808.0,1843,69.06,4
ph,Moira Dela Torre,565941200.0,1533,85.93,5
pk,Abdul Hannan,11857544.0,286,53.37,1
pk,Kaifi Khalil,8948272.0,113,40.86,2
pk,Rovalio,6691821.0,111,18.11,3
pk,Aditya Rikhari,5685437.0,110,68.17,4
pk,Talha Anjum,5467079.0,471,90.79,5
pl,Mata,486273097.0,2083,79.68,1
pl,sanah,424922353.0,1342,83.76,2
pl,White 2115,396087861.0,2369,90.17,3
pl,Taco Hemingway,312179812.0,3340,98.65,4
pl,Dawid Podsiadło,255178344.0,1693,90.29,5
pt,The Weeknd,84469438.0,1887,92.38,1
pt,Wet Bed Gang,82647774.0,1370,87.55,2
pt,Ed Sheeran,72802851.0,1822,88.93,3
pt,Drake,68563220.0,1786,89.2,4
pt,Justin Bieber,56069476.0,1486,76.28,5
py,Bad Bunny,323518938.0,7099,78.67,1
py,Rauw Alejandro,94705528.0,2442,76.89,2
py,J Balvin,92009469.0,3729,77.61,3
py,Anuel AA,77430436.0,3230,81.0,4
py,Ozuna,76850028.0,3896,81.81,5
ro,Ian,51871998.0,2570,97.93,1
ro,The Weeknd,35614519.0,1603,104.86,2
ro,Nane,32374447.0,1965,96.36,3
ro,Tzanca Uraganu,31810216.0,1121,99.31,4
ro,Travis Scott,23126433.0,1408,85.92,5
ru,kizaru,105038979.0,596,75.15,1
ru,MORGENSHTERN,95250217.0,689,78.77,2
ru,Big Baby Tape,91394979.0,539,78.63,3
ru,Skryptonite,87824491.0,748,89.49,4
ru,Miyagi & Andy Panda,86113829.0,603,84.3,5
sa,Abdullah Al Farwan,21077220.0,589,68.18,1
sa,The Weeknd,20247980.0,1012,85.94,2
sa,XXXTENTACION,18412879.0,975,97.39,3
sa,Aseel Hameem,17251588.0,590,68.46,4
sa,Billie Eilish,13876501.0,721,90.06,5
se,Ed Sheeran,579172440.0,2014,92.7,1
se,Avicii,524192099.0,1751,90.62,2
se,Hov1,483159810.0,1729,94.69,3
se,Justin Bieber,360173089.0,1262,78.64,4
se,Einár,344125194.0,1424,86.26,5
sg,Ed Sheeran,191218726.0,2977,89.27,1
sg,Justin Bieber,127554590.0,2121,79.02,2
sg,Eric Chou,119995903.0,1632,90.45,3
sg,BTS,111818390.0,1559,93.16,4
sg,Ariana Grande,105367136.0,1795,88.14,5
sk,Separ,26801277.0,2317,98.22,1
sk,DMS,24158481.0,1773,102.83,2
sk,Viktor Sheen,21072647.0,1412,92.29,3
sk,Gleb,20393485.0,1244,87.92,4
sk,Calin,19595863.0,1122,76.12,5
sv,Bad Bunny,227728756.0,8628,76.51,1
sv,J Balvin,53701806.0,4397,76.64,2
sv,Rauw Alejandro,44886211.0,2262,84.52,3
sv,KAROL G,36125605.0,1532,80.61,4
sv,Ozuna,34140928.0,3899,84.86,5
th,Three Man Down,133854031.0,1035,88.12,1
th,BLACKPINK,114412236.0,1239,98.67,2
th,BTS,109363535.0,1446,100.5,3
th,Tilly Birds,105339603.0,623,46.24,4
th,BOWKYLION,89251450.0,471,58.11,5
tr,Ezhel,869240436.0,2732,80.12,1
tr,UZI,704421425.0,1050,68.42,2
tr,Yüzyüzeyken Konuşuruz,426610916.0,1321,78.8,3
tr,cakal,397852063.0,704,73.24,4
tr,Lvbel C5,368751007.0,576,67.18,5
tw,Eric Chou,136422968.0,1921,91.15,1
tw,G.E.M.,124804557.0,2059,102.94,2
tw,EggPlantEgg,120497232.0,1082,65.44,3
tw,高爾宣 OSN,100474255.0,1031,73.58,4
tw,告五人,93950254.0,785,70.8,5
ua,kizaru,30687991.0,901,79.7,1
ua,MORGENSHTERN,28032302.0,869,78.71,2
ua,Big Baby Tape,23936805.0,713,76.77,3
ua,shadowraze,21077217.0,358,52.18,4
ua,Skryptonite,16186804.0,670,93.87,5
us,Drake,8819254931.0,4984,85.56,1
us,Post Malone,5644461313.0,2313,83.77,2
us,The Weeknd,5042377570.0,2524,92.77,3
us,Juice WRLD,4890266812.0,2242,96.4,4
us,Travis Scott,3708204665.0,1980,94.89,5
uy,Bad Bunny,75828491.0,3825,83.17,1
uy,J Balvin,53961465.0,3412,72.71,2
uy,Ozuna,53113469.0,3369,80.49,3
uy,Maluma,46062759.0,2691,87.58,4
uy,Duki,39040192.0,2091,87.11,5
ve,Feid,9955836.0,186,61.3,1
ve,Quevedo,4058703.0,95,61.96,2
ve,KAROL G,3143739.0,70,73.51,3
ve,Shakira,1909544.0,22,27.27,4
ve,Eladio Carrion,1883671.0,50,84.56,5
vn,BTS,188493921.0,3131,91.43,1
vn,Sơn Tùng M-TP,73879019.0,1049,87.48,2
vn,Vũ.,64868957.0,1290,88.16,3
vn,BLACKPINK,49910912.0,1076,105.03,4
vn,Hoàng Dũng,48774637.0,634,69.41,5
za,Drake,38316907.0,1708,95.32,1
za,The Weeknd,28429135.0,887,92.8,2
za,Ed Sheeran,22062726.0,843,91.83,3
za,Justin Bieber,17746134.0,752,72.02,4
za,Juice WRLD,17539287.0,912,108.22,5
